{"cameraMode":{"drawMode":0,"name":"Shaded","section":"Shading Mode"},"sceneLighting":true,"audioPlay":false,"sceneViewState":{"m_AlwaysRefresh":false,"showFog":true,"showSkybox":true,"showFlares":true,"showImageEffects":true,"showParticleSystems":true,"showVisualEffectGraphs":true,"m_FxEnabled":true},"in2DMode":false,"pivot":{"x":2.2285425662994386,"y":1.2823905944824219,"z":-2.6945338249206545},"rotation":{"x":-0.05238071456551552,"y":0.5415995121002197,"z":-0.03383501619100571,"w":-0.8383259773254395},"size":0.2823103070259094,"orthographic":false}