{"cameraMode":{"drawMode":0,"name":"Shaded","section":"Shading Mode"},"sceneLighting":true,"audioPlay":false,"sceneViewState":{"m_AlwaysRefresh":false,"showFog":true,"showSkybox":true,"showFlares":true,"showImageEffects":true,"showParticleSystems":true,"showVisualEffectGraphs":true,"m_FxEnabled":true},"in2DMode":false,"pivot":{"x":-3.9237680435180666,"y":-3.6207656860351564,"z":5.5307536125183109},"rotation":{"x":0.28102025389671328,"y":-0.29840129613876345,"z":0.09240120649337769,"w":0.9074620008468628},"size":23.884611129760743,"orthographic":false}